Date,Total-Pushes
Update on 12/30/2024...18:23UTC,1
Update on 12/30/2024...18:26UTC,2
Update on 12/30/2024...18:27UTC,3
Update on 1/1/2025...12:13UTC,4
Update on 1/1/2025...13:03UTC,5
Update on 1/2/2025...8:51UTC,6
Update on 1/2/2025...9:04UTC,7
Update on 1/2/2025...14:32UTC,8
Update on 1/3/2025...12:48UTC,9
Update on 1/3/2025...13:34UTC,10
Update on 1/4/2025...12:01UTC,11
Update on 1/7/2025...21:15UTC,12
Update on 1/14/2025...14:57UTC,13
Update on 5/27/2025...10:51UTC,14
Update on 5/27/2025...10:54UTC,15
Update on 5/27/2025...11:01UTC,16
Update on 5/27/2025...11:10UTC,17
Update on 5/27/2025...11:14UTC,18
Update on 5/27/2025...11:15UTC,19
Update on 5/27/2025...11:15UTC,20
Update on 5/27/2025...11:18UTC,21
Update on 5/27/2025...11:18UTC,22
Update on 5/27/2025...11:19UTC,23
Update on 5/28/2025...9:35UTC,24